Workbook

Sheet Пояснения
A1: Расписание медклиники: 30 врачей, 20 кабинетов, 08:00–20:00 ежедневно
A3: Как устроено
A4: • День делится на две смены: утро 08:00–14:00 и вечер 14:00–20:00. Каждый врач работает 6 смен по 6 ч = 36 ч/нед (норма для медработников — до 39 ч).
A5: • В кабинете, как правило, два врача одного профиля. В будни они чередуются: один — утро Пн/Ср/Пт и вечер Вт/Чт, второй — наоборот. Так у каждой узкой специальности каждый будний день есть приём, а пациенту доступны и утро, и вечер.
A6: • Шестая смена у каждого врача — в субботу или воскресенье. Выходные работают в сокращённом составе: в субботу утром — почти все узкие специалисты, в субботу вечером — терапевт, педиатр, хирург, ортопед и несколько консультантов; в воскресенье — утренний приём основных профилей, вечером дежурят терапевт и педиатр.
A7: • У каждого врача 1 выходной в неделю; минимальный отдых между сменами — 12 ч (вечер → утро следующего дня).
A8: • 17 кабинетов — врачебные, 3 — сестринские (процедурный, прививочный, функциональной диагностики), работают 08–20 ежедневно.
A9: • Детский приём (кабинеты 201–204) выделен в отдельную зону с отдельным входом.
A10: • Свободные смены во врачебных кабинетах — резерв под совместителей, рост нагрузки или замены (см. лист «Кабинеты»).
A12: Допущения (можно менять)
A13: • Длительность приёма на листе «По врачам» — ориентир: 20 мин для терапевтов, педиатров, хирургов, ЛОР, ортопедов, 30 мин для узких консультантов. Правьте в колонке «Длит. приёма, мин» — число приёмов за смену пересчитается.
A14: • Номера кабинетов условные: 1xx — взрослое отделение, 2xx — детское.
... A22: Слоты (для БД) — плоская таблица смен: врач, кабинет, день недели, время. Её же удобно грузить в базу.

Sheet Сетка по кабинетам
A1: Каб. | B1: Назначение | C1: Смена | D1: Пн | E1: Вт | F1: Ср | G1: Чт | H1: Пт | I1: Сб | J1: Вс
A2: 101 | B2: Терапевтический | C2: 08–14 | D2: Верещагин А.М. Терапевт | E2: Ковалёва Л.П. Терапевт | F2: Верещагин А.М. Терапевт | G2: Ковалёва Л.П. Терапевт | H2: Верещагин А.М. Терапевт | I2: Верещагин А.М. Терапевт | J2: Ковалёва Л.П. Терапевт
A3: 101 | B3: Терапевтический | C3: 14–20 | D3: Ковалёва Л.П. Терапевт | E3: Верещагин А.М. Терапевт | F3: Ковалёва Л.П. Терапевт | G3: Верещагин А.М. Терапевт | H3: Ковалёва Л.П. Терапевт | I3: свободно | J3: свободно
A4: 102 | B4: Терапевтический | C4: 08–14 | D4: Дорохов С.А. Терапевт | E4: Нечаева В.С. Терапевт | F4: Дорохов С.А. Терапевт | G4: Нечаева В.С. Терапевт | H4: Дорохов С.А. Терапевт | I4: свободно | J4: свободно
A5: 102 | B5: Терапевтический | C5: 14–20 | D5: Нечаева В.С. Терапевт | E5: Дорохов С.А. Терапевт | F5: Нечаева В.С. Терапевт | G5: Дорохов С.А. Терапевт | H5: Нечаева В.С. Терапевт | I5: Дорохов С.А. Терапевт | J5: Нечаева В.С. Терапевт
A6: 103 | B6: Терапевтический | C6: 08–14 | D6: Рябинин И.К. Терапевт | E6: Малахова О.Г. Терапевт | F6: Рябинин И.К. Терапевт | G6: Малахова О.Г. Терапевт | H6: Рябинин И.К. Терапевт | I6: Малахова О.Г. Терапевт | J6: Рябинин И.К. Терапевт
A7: 103 | B7: Терапевтический | C7: 14–20 | D7: Малахова О.Г. Терапевт | E7: Рябинин И.К. Терапевт | F7: Малахова О.Г. Терапевт | G7: Рябинин И.К. Терапевт | H7: Малахова О.Г. Терапевт | I7: свободно | J7: свободно
A8: 104 | B8: Хирургический | C8: 08–14 | D8: Бортников Н.Т. Хирург | E8: Панкратов Е.В. Хирург | F8: Бортников Н.Т. Хирург | G8: Панкратов Е.В. Хирург | H8: Бортников Н.Т. Хирург | I8: Бортников Н.Т. Хирург | J8: Панкратов Е.В. Хирург
A9: 104 | B9: Хирургический | C9: 14–20 | D9: Панкратов Е.В. Хирург | E9: Бортников Н.Т. Хирург | F9: Панкратов Е.В. Хирург | G9: Бортников Н.Т. Хирург | H9: Панкратов Е.В. Хирург | I9: свободно | J9: свободно
A10: 105 | B10: Хирургический / флебологический | C10: 08–14 | D10: Ждановский А.С. Хирург | E10: Соловьёв Д.В. Флеболог | F10: Ждановский А.С. Хирург | G10: Соловьёв Д.В. Флеболог | H10: Ждановский А.С. Хирург | I10: Соловьёв Д.В. Флеболог | J10: свободно
A11: 105 | B11: Хирургический / флебологический | C11: 14–20 | D11: Соловьёв Д.В. Флеболог | E11: Ждановский А.С. Хирург | F11: Соловьёв Д.В. Флеболог | G11: Ждановский А.С. Хирург | H11: Соловьёв Д.В. Флеболог | I11: Ждановский А.С. Хирург | J11: свободно
A12: 106 | B12: Травматолого-ортопедический | C12: 08–14 | D12: Ушаков П.Е. Травматолог | E12: Гордеев Р.А. Ортопед | F12: Ушаков П.Е. Травматолог | G12: Гордеев Р.А. Ортопед | H12: Ушаков П.Е. Травматолог | I12: Гордеев Р.А. Ортопед | J12: Ушаков П.Е. Травматолог
A13: 106 | B13: Травматолого-ортопедический | C13: 14–20 | D13: Гордеев Р.А. Ортопед | E13: Ушаков П.Е. Травматолог | F13: Гордеев Р.А. Ортопед | G13: Ушаков П.Е. Травматолог | H13: Гордеев Р.А. Ортопед | I13: свободно | J13: свободно
... A41: 204 | B41: Прививочный | C41: 14–20 | D41: медсестра | E41: медсестра | F41: медсестра | G41: медсестра | H41: медсестра | I41: медсестра | J41: медсестра

Sheet По врачам
A1: № | B1: ФИО | C1: Специальность | D1: Кабинет | E1: Пн | F1: Вт | G1: Ср | H1: Чт | I1: Пт | J1: Сб | K1: Вс | L1: Смен/нед | M1: Часов/нед | N1: Длит. приёма, мин | O1: Приёмов за смену | P1: Приёмов/нед
A2: 1 | B2: Кравцова Светлана Игоревна | C2: Акушер-гинеколог | D2: 109 | E2: 08–14 | F2: 14–20 | G2: 08–14 | H2: 14–20 | I2: 08–14 | J2: 08–14 | K2: вых | L2: =COUNTIF('Слоты (для БД)'!$A$2:$A$181,A2) -> 6 | M2: =L2*6 -> 36 | N2: 30 | O2: =INT(360/N2) -> 12 | P2: =L2*O2 -> 72
A3: 2 | B3: Бельская Марина Валерьевна | C3: Аллерголог-иммунолог | D3: 111 | E3: 14–20 | F3: 08–14 | G3: 14–20 | H3: 08–14 | I3: 14–20 | J3: вых | K3: 08–14 | L3: =COUNTIF('Слоты (для БД)'!$A$2:$A$181,A3) -> 6 | M3: =L3*6 -> 36 | N3: 30 | O3: =INT(360/N3) -> 12 | P3: =L3*O3 -> 72
A4: 3 | B4: Луговой Артём Сергеевич | C4: Гастроэнтеролог | D4: 114 | E4: 14–20 | F4: 08–14 | G4: 14–20 | H4: 08–14 | I4: 14–20 | J4: 14–20 | K4: вых | L4: =COUNTIF('Слоты (для БД)'!$A$2:$A$181,A4) -> 6 | M4: =L4*6 -> 36 | N4: 30 | O4: =INT(360/N4) -> 12 | P4: =L4*O4 -> 72
A5: 4 | B5: Шаповалова Ольга Дмитриевна | C5: Дерматовенеролог | D5: 111 | E5: 08–14 | F5: 14–20 | G5: 08–14 | H5: 14–20 | I5: 08–14 | J5: 08–14 | K5: вых | L5: =COUNTIF('Слоты (для БД)'!$A$2:$A$181,A5) -> 6 | M5: =L5*6 -> 36 | N5: 20 | O5: =INT(360/N5) -> 18 | P5: =L5*O5 -> 108
A6: 5 | B6: Ермаков Виктор Павлович | C6: Кардиолог | D6: 112 | E6: 08–14 | F6: 14–20 | G6: 08–14 | H6: 14–20 | I6: 08–14 | J6: 08–14 | K6: вых | L6: =COUNTIF('Слоты (для БД)'!$A$2:$A$181,A6) -> 6 | M6: =L6*6 -> 36 | N6: 30 | O6: =INT(360/N6) -> 12 | P6: =L6*O6 -> 72
A7: 6 | B7: Зимина Наталья Борисовна | C7: Лор (отоларинголог) | D7: 108 | E7: 08–14 | F7: 14–20 | G7: 08–14 | H7: 14–20 | I7: 08–14 | J7: 08–14 | K7: вых | L7: =COUNTIF('Слоты (для БД)'!$A$2:$A$181,A7) -> 6 | M7: =L7*6 -> 36 | N7: 20 | O7: =INT(360/N7) -> 18 | P7: =L7*O7 -> 108
A8: 7 | B8: Кузнецов Денис Олегович | C8: Лор (отоларинголог) | D8: 108 | E8: 14–20 | F8: 08–14 | G8: 14–20 | H8: 08–14 | I8: 14–20 | J8: вых | K8: 08–14 | L8: =COUNTIF('Слоты (для БД)'!$A$2:$A$181,A8) -> 6 | M8: =L8*6 -> 36 | N8: 20 | O8: =INT(360/N8) -> 18 | P8: =L8*O8 -> 108
A9: 8 | B9: Тихомирова Елена Аркадьевна | C9: Маммолог | D9: 109 | E9: 14–20 | F9: 08–14 | G9: 14–20 | H9: 08–14 | I9: 14–20 | J9: 14–20 | K9: вых | L9: =COUNTIF('Слоты (для БД)'!$A$2:$A$181,A9) -> 6 | M9: =L9*6 -> 36 | N9: 30 | O9: =INT(360/N9) -> 12 | P9: =L9*O9 -> 72
A10: 9 | B10: Савельев Григорий Ильич | C10: Невролог | D10: 113 | E10: 08–14 | F10: 14–20 | G10: 08–14 | H10: 14–20 | I10: 08–14 | J10: 08–14 | K10: вых | L10: =COUNTIF('Слоты (для БД)'!$A$2:$A$181,A10) -> 6 | M10: =L10*6 -> 36 | N10: 30 | O10: =INT(360/N10) -> 12 | P10: =L10*O10 -> 72
A11: 10 | B11: Пантелеева Алла Викторовна | C11: Нефролог | D11: 112 | E11: 14–20 | F11: 08–14 | G11: 14–20 | H11: 08–14 | I11: 14–20 | J11: 14–20 | K11: вых | L11: =COUNTIF('Слоты (для БД)'!$A$2:$A$181,A11) -> 6 | M11: =L11*6 -> 36 | N11: 30 | O11: =INT(360/N11) -> 12 | P11: =L11*O11 -> 72
A12: 11 | B12: Гордеев Роман Андреевич | C12: Ортопед | D12: 106 | E12: 14–20 | F12: 08–14 | G12: 14–20 | H12: 08–14 | I12: 14–20 | J12: 08–14 | K12: вых | L12: =COUNTIF('Слоты (для БД)'!$A$2:$A$181,A12) -> 6 | M12: =L12*6 -> 36 | N12: 20 | O12: =INT(360/N12) -> 18 | P12: =L12*O12 -> 108
A13: 12 | B13: Белов Станислав Юрьевич | C13: Ортопед | D13: 107 | E13: 08–14 | F13: 14–20 | G13: 08–14 | H13: 14–20 | I13: 08–14 | J13: 14–20 | K13: вых | L13: =COUNTIF('Слоты (для БД)'!$A$2:$A$181,A13) -> 6 | M13: =L13*6 -> 36 | N13: 20 | O13: =INT(360/N13) -> 18 | P13: =L13*O13 -> 108
... A31: 30 | B31: Черкасова Инна Львовна | C31: Эндокринолог | D31: 113 | E31: 14–20 | F31: 08–14 | G31: 14–20 | H31: 08–14 | I31: 14–20 | J31: вых | K31: 08–14 | L31: =COUNTIF('Слоты (для БД)'!$A$2:$A$181,A31) -> 6 | M31: =L31*6 -> 36 | N31: 30 | O31: =INT(360/N31) -> 12 | P31: =L31*O31 -> 72
B32: Итого | L32: =SUM(L2:L31) -> 180 | M32: =SUM(M2:M31) -> 1080 | P32: =SUM(P2:P31) -> 2880
B33: Жёлтые ячейки — длительность приёма (допущение, можно менять).

Sheet Покрытие
A1: Специальность | B1: Врачей | C1: Пн | E1: Вт | G1: Ср | I1: Чт | K1: Пт | M1: Сб | O1: Вс
C2: 08–14 | D2: 14–20 | E2: 08–14 | F2: 14–20 | G2: 08–14 | H2: 14–20 | I2: 08–14 | J2: 14–20 | K2: 08–14 | L2: 14–20 | M2: 08–14 | N2: 14–20 | O2: 08–14 | P2: 14–20
A3: Акушер-гинеколог | B3: 1 | C3: =COUNTIFS('Слоты (для БД)'!$C$2:$C$181,$A3,'Слоты (для БД)'!$E$2:$E$181,1,'Слоты (для БД)'!$G$2:$G$181,"08–14") -> 1 | D3: =COUNTIFS('Слоты (для БД)'!$C$2:$C$181,$A3,'Слоты (для БД)'!$E$2:$E$181,1,'Слоты (для БД)'!$G$2:$G$181,"14–20") -> 0 | E3: =COUNTIFS('Слоты (для БД)'!$C$2:$C$181,$A3,'Слоты (для БД)'!$E$2:$E$181,2,'Слоты (для БД)'!$G$2:$G$181,"08–14") -> 0 | F3: =COUNTIFS('Слоты (для БД)'!$C$2:$C$181,$A3,'Слоты (для БД)'!$E$2:$E$181,2,'Слоты (для БД)'!$G$2:$G$181,"14–20") -> 1 | G3: =COUNTIFS('Слоты (для БД)'!$C$2:$C$181,$A3,'Слоты (для БД)'!$E$2:$E$181,3,'Слоты (для БД)'!$G$2:$G$181,"08–14") -> 1 | H3: =COUNTIFS('Слоты (для БД)'!$C$2:$C$181,$A3,'Слоты (для БД)'!$E$2:$E$181,3,'Слоты (для БД)'!$G$2:$G$181,"14–20") -> 0 | I3: =COUNTIFS('Слоты (для БД)'!$C$2:$C$181,$A3,'Слоты (для БД)'!$E$2:$E$181,4,'Слоты (для БД)'!$G$2:$G$181,"08–14") -> 0 | J3: =COUNTIFS('Слоты (для БД)'!$C$2:$C$181,$A3,'Слоты (для БД)'!$E$2:$E$181,4,'Слоты (для БД)'!$G$2:$G$181,"14–20") -> 1 | K3: =COUNTIFS('Слоты (для БД)'!$C$2:$C$181,$A3,'Слоты (для БД)'!$E$2:$E$181,5,'Слоты (для БД)'!$G$2:$G$181,"08–14") -> 1 | L3: =COUNTIFS('Слоты (для БД)'!$C$2:$C$181,$A3,'Слоты (для БД)'!$E$2:$E$181,5,'Слоты (для БД)'!$G$2:$G$181,"14–20") -> 0 | M3: =COUNTIFS('Слоты (для БД)'!$C$2:$C$181,$A3,'Слоты (для БД)'!$E$2:$E$181,6,'Слоты (для БД)'!$G$2:$G$181,"08–14") -> 1 | N3: =COUNTIFS('Слоты (для БД)'!$C$2:$C$181,$A3,'Слоты (для БД)'!$E$2:$E$181,6,'Слоты (для БД)'!$G$2:$G$181,"14–20") -> 0 | O3: =COUNTIFS('Слоты (для БД)'!$C$2:$C$181,$A3,'Слоты (для БД)'!$E$2:$E$181,7,'Слоты (для БД)'!$G$2:$G$181,"08–14") -> 0 | P3: =COUNTIFS('Слоты (для БД)'!$C$2:$C$181,$A3,'Слоты (для БД)'!$E$2:$E$181,7,'Слоты (для БД)'!$G$2:$G$181,"14–20") -> 0
A4: Аллерголог-иммунолог | B4: 1 | C4: =COUNTIFS('Слоты (для БД)'!$C$2:$C$181,$A4,'Слоты (для БД)'!$E$2:$E$181,1,'Слоты (для БД)'!$G$2:$G$181,"08–14") -> 0 | D4: =COUNTIFS('Слоты (для БД)'!$C$2:$C$181,$A4,'Слоты (для БД)'!$E$2:$E$181,1,'Слоты (для БД)'!$G$2:$G$181,"14–20") -> 1 | E4: =COUNTIFS('Слоты (для БД)'!$C$2:$C$181,$A4,'Слоты (для БД)'!$E$2:$E$181,2,'Слоты (для БД)'!$G$2:$G$181,"08–14") -> 1 | F4: =COUNTIFS('Слоты (для БД)'!$C$2:$C$181,$A4,'Слоты (для БД)'!$E$2:$E$181,2,'Слоты (для БД)'!$G$2:$G$181,"14–20") -> 0 | G4: =COUNTIFS('Слоты (для БД)'!$C$2:$C$181,$A4,'Слоты (для БД)'!$E$2:$E$181,3,'Слоты (для БД)'!$G$2:$G$181,"08–14") -> 0 | H4: =COUNTIFS('Слоты (для БД)'!$C$2:$C$181,$A4,'Слоты (для БД)'!$E$2:$E$181,3,'Слоты (для БД)'!$G$2:$G$181,"14–20") -> 1 | I4: =COUNTIFS('Слоты (для БД)'!$C$2:$C$181,$A4,'Слоты (для БД)'!$E$2:$E$181,4,'Слоты (для БД)'!$G$2:$G$181,"08–14") -> 1 | J4: =COUNTIFS('Слоты (для БД)'!$C$2:$C$181,$A4,'Слоты (для БД)'!$E$2:$E$181,4,'Слоты (для БД)'!$G$2:$G$181,"14–20") -> 0 | K4: =COUNTIFS('Слоты (для БД)'!$C$2:$C$181,$A4,'Слоты (для БД)'!$E$2:$E$181,5,'Слоты (для БД)'!$G$2:$G$181,"08–14") -> 0 | L4: =COUNTIFS('Слоты (для БД)'!$C$2:$C$181,$A4,'Слоты (для БД)'!$E$2:$E$181,5,'Слоты (для БД)'!$G$2:$G$181,"14–20") -> 1 | M4: =COUNTIFS('Слоты (для БД)'!$C$2:$C$181,$A4,'Слоты (для БД)'!$E$2:$E$181,6,'Слоты (для БД)'!$G$2:$G$181,"08–14") -> 0 | N4: =COUNTIFS('Слоты (для БД)'!$C$2:$C$181,$A4,'Слоты (для БД)'!$E$2:$E$181,6,'Слоты (для БД)'!$G$2:$G$181,"14–20") -> 0 | O4: =COUNTIFS('Слоты (для БД)'!$C$2:$C$181,$A4,'Слоты (для БД)'!$E$2:$E$181,7,'Слоты (для БД)'!$G$2:$G$181,"08–14") -> 1 | P4: =COUNTIFS('Слоты (для БД)'!$C$2:$C$181,$A4,'Слоты (для БД)'!$E$2:$E$181,7,'Слоты (для БД)'!$G$2:$G$181,"14–20") -> 0
A5: Гастроэнтеролог | B5: 1 | C5: =COUNTIFS('Слоты (для БД)'!$C$2:$C$181,$A5,'Слоты (для БД)'!$E$2:$E$181,1,'Слоты (для БД)'!$G$2:$G$181,"08–14") -> 0 | D5: =COUNTIFS('Слоты (для БД)'!$C$2:$C$181,$A5,'Слоты (для БД)'!$E$2:$E$181,1,'Слоты (для БД)'!$G$2:$G$181,"14–20") -> 1 | E5: =COUNTIFS('Слоты (для БД)'!$C$2:$C$181,$A5,'Слоты (для БД)'!$E$2:$E$181,2,'Слоты (для БД)'!$G$2:$G$181,"08–14") -> 1 | F5: =COUNTIFS('Слоты (для БД)'!$C$2:$C$181,$A5,'Слоты (для БД)'!$E$2:$E$181,2,'Слоты (для БД)'!$G$2:$G$181,"14–20") -> 0 | G5: =COUNTIFS('Слоты (для БД)'!$C$2:$C$181,$A5,'Слоты (для БД)'!$E$2:$E$181,3,'Слоты (для БД)'!$G$2:$G$181,"08–14") -> 0 | H5: =COUNTIFS('Слоты (для БД)'!$C$2:$C$181,$A5,'Слоты (для БД)'!$E$2:$E$181,3,'Слоты (для БД)'!$G$2:$G$181,"14–20") -> 1 | I5: =COUNTIFS('Слоты (для БД)'!$C$2:$C$181,$A5,'Слоты (для БД)'!$E$2:$E$181,4,'Слоты (для БД)'!$G$2:$G$181,"08–14") -> 1 | J5: =COUNTIFS('Слоты (для БД)'!$C$2:$C$181,$A5,'Слоты (для БД)'!$E$2:$E$181,4,'Слоты (для БД)'!$G$2:$G$181,"14–20") -> 0 | K5: =COUNTIFS('Слоты (для БД)'!$C$2:$C$181,$A5,'Слоты (для БД)'!$E$2:$E$181,5,'Слоты (для БД)'!$G$2:$G$181,"08–14") -> 0 | L5: =COUNTIFS('Слоты (для БД)'!$C$2:$C$181,$A5,'Слоты (для БД)'!$E$2:$E$181,5,'Слоты (для БД)'!$G$2:$G$181,"14–20") -> 1 | M5: =COUNTIFS('Слоты (для БД)'!$C$2:$C$181,$A5,'Слоты (для БД)'!$E$2:$E$181,6,'Слоты (для БД)'!$G$2:$G$181,"08–14") -> 0 | N5: =COUNTIFS('Слоты (для БД)'!$C$2:$C$181,$A5,'Слоты (для БД)'!$E$2:$E$181,6,'Слоты (для БД)'!$G$2:$G$181,"14–20") -> 1 | O5: =COUNTIFS('Слоты (для БД)'!$C$2:$C$181,$A5,'Слоты (для БД)'!$E$2:$E$181,7,'Слоты (для БД)'!$G$2:$G$181,"08–14") -> 0 | P5: =COUNTIFS('Слоты (для БД)'!$C$2:$C$181,$A5,'Слоты (для БД)'!$E$2:$E$181,7,'Слоты (для БД)'!$G$2:$G$181,"14–20") -> 0
A6: Дерматовенеролог | B6: 1 | C6: =COUNTIFS('Слоты (для БД)'!$C$2:$C$181,$A6,'Слоты (для БД)'!$E$2:$E$181,1,'Слоты (для БД)'!$G$2:$G$181,"08–14") -> 1 | D6: =COUNTIFS('Слоты (для БД)'!$C$2:$C$181,$A6,'Слоты (для БД)'!$E$2:$E$181,1,'Слоты (для БД)'!$G$2:$G$181,"14–20") -> 0 | E6: =COUNTIFS('Слоты (для БД)'!$C$2:$C$181,$A6,'Слоты (для БД)'!$E$2:$E$181,2,'Слоты (для БД)'!$G$2:$G$181,"08–14") -> 0 | F6: =COUNTIFS('Слоты (для БД)'!$C$2:$C$181,$A6,'Слоты (для БД)'!$E$2:$E$181,2,'Слоты (для БД)'!$G$2:$G$181,"14–20") -> 1 | G6: =COUNTIFS('Слоты (для БД)'!$C$2:$C$181,$A6,'Слоты (для БД)'!$E$2:$E$181,3,'Слоты (для БД)'!$G$2:$G$181,"08–14") -> 1 | H6: =COUNTIFS('Слоты (для БД)'!$C$2:$C$181,$A6,'Слоты (для БД)'!$E$2:$E$181,3,'Слоты (для БД)'!$G$2:$G$181,"14–20") -> 0 | I6: =COUNTIFS('Слоты (для БД)'!$C$2:$C$181,$A6,'Слоты (для БД)'!$E$2:$E$181,4,'Слоты (для БД)'!$G$2:$G$181,"08–14") -> 0 | J6: =COUNTIFS('Слоты (для БД)'!$C$2:$C$181,$A6,'Слоты (для БД)'!$E$2:$E$181,4,'Слоты (для БД)'!$G$2:$G$181,"14–20") -> 1 | K6: =COUNTIFS('Слоты (для БД)'!$C$2:$C$181,$A6,'Слоты (для БД)'!$E$2:$E$181,5,'Слоты (для БД)'!$G$2:$G$181,"08–14") -> 1 | L6: =COUNTIFS('Слоты (для БД)'!$C$2:$C$181,$A6,'Слоты (для БД)'!$E$2:$E$181,5,'Слоты (для БД)'!$G$2:$G$181,"14–20") -> 0 | M6: =COUNTIFS('Слоты (для БД)'!$C$2:$C$181,$A6,'Слоты (для БД)'!$E$2:$E$181,6,'Слоты (для БД)'!$G$2:$G$181,"08–14") -> 1 | N6: =COUNTIFS('Слоты (для БД)'!$C$2:$C$181,$A6,'Слоты (для БД)'!$E$2:$E$181,6,'Слоты (для БД)'!$G$2:$G$181,"14–20") -> 0 | O6: =COUNTIFS('Слоты (для БД)'!$C$2:$C$181,$A6,'Слоты (для БД)'!$E$2:$E$181,7,'Слоты (для БД)'!$G$2:$G$181,"08–14") -> 0 | P6: =COUNTIFS('Слоты (для БД)'!$C$2:$C$181,$A6,'Слоты (для БД)'!$E$2:$E$181,7,'Слоты (для БД)'!$G$2:$G$181,"14–20") -> 0
A7: Кардиолог | B7: 1 | C7: =COUNTIFS('Слоты (для БД)'!$C$2:$C$181,$A7,'Слоты (для БД)'!$E$2:$E$181,1,'Слоты (для БД)'!$G$2:$G$181,"08–14") -> 1 | D7: =COUNTIFS('Слоты (для БД)'!$C$2:$C$181,$A7,'Слоты (для БД)'!$E$2:$E$181,1,'Слоты (для БД)'!$G$2:$G$181,"14–20") -> 0 | E7: =COUNTIFS('Слоты (для БД)'!$C$2:$C$181,$A7,'Слоты (для БД)'!$E$2:$E$181,2,'Слоты (для БД)'!$G$2:$G$181,"08–14") -> 0 | F7: =COUNTIFS('Слоты (для БД)'!$C$2:$C$181,$A7,'Слоты (для БД)'!$E$2:$E$181,2,'Слоты (для БД)'!$G$2:$G$181,"14–20") -> 1 | G7: =COUNTIFS('Слоты (для БД)'!$C$2:$C$181,$A7,'Слоты (для БД)'!$E$2:$E$181,3,'Слоты (для БД)'!$G$2:$G$181,"08–14") -> 1 | H7: =COUNTIFS('Слоты (для БД)'!$C$2:$C$181,$A7,'Слоты (для БД)'!$E$2:$E$181,3,'Слоты (для БД)'!$G$2:$G$181,"14–20") -> 0 | I7: =COUNTIFS('Слоты (для БД)'!$C$2:$C$181,$A7,'Слоты (для БД)'!$E$2:$E$181,4,'Слоты (для БД)'!$G$2:$G$181,"08–14") -> 0 | J7: =COUNTIFS('Слоты (для БД)'!$C$2:$C$181,$A7,'Слоты (для БД)'!$E$2:$E$181,4,'Слоты (для БД)'!$G$2:$G$181,"14–20") -> 1 | K7: =COUNTIFS('Слоты (для БД)'!$C$2:$C$181,$A7,'Слоты (для БД)'!$E$2:$E$181,5,'Слоты (для БД)'!$G$2:$G$181,"08–14") -> 1 | L7: =COUNTIFS('Слоты (для БД)'!$C$2:$C$181,$A7,'Слоты (для БД)'!$E$2:$E$181,5,'Слоты (для БД)'!$G$2:$G$181,"14–20") -> 0 | M7: =COUNTIFS('Слоты (для БД)'!$C$2:$C$181,$A7,'Слоты (для БД)'!$E$2:$E$181,6,'Слоты (для БД)'!$G$2:$G$181,"08–14") -> 1 | N7: =COUNTIFS('Слоты (для БД)'!$C$2:$C$181,$A7,'Слоты (для БД)'!$E$2:$E$181,6,'Слоты (для БД)'!$G$2:$G$181,"14–20") -> 0 | O7: =COUNTIFS('Слоты (для БД)'!$C$2:$C$181,$A7,'Слоты (для БД)'!$E$2:$E$181,7,'Слоты (для БД)'!$G$2:$G$181,"08–14") -> 0 | P7: =COUNTIFS('Слоты (для БД)'!$C$2:$C$181,$A7,'Слоты (для БД)'!$E$2:$E$181,7,'Слоты (для БД)'!$G$2:$G$181,"14–20") -> 0
A8: Лор (отоларинголог) | B8: 2 | C8: =COUNTIFS('Слоты (для БД)'!$C$2:$C$181,$A8,'Слоты (для БД)'!$E$2:$E$181,1,'Слоты (для БД)'!$G$2:$G$181,"08–14") -> 1 | D8: =COUNTIFS('Слоты (для БД)'!$C$2:$C$181,$A8,'Слоты (для БД)'!$E$2:$E$181,1,'Слоты (для БД)'!$G$2:$G$181,"14–20") -> 1 | E8: =COUNTIFS('Слоты (для БД)'!$C$2:$C$181,$A8,'Слоты (для БД)'!$E$2:$E$181,2,'Слоты (для БД)'!$G$2:$G$181,"08–14") -> 1 | F8: =COUNTIFS('Слоты (для БД)'!$C$2:$C$181,$A8,'Слоты (для БД)'!$E$2:$E$181,2,'Слоты (для БД)'!$G$2:$G$181,"14–20") -> 1 | G8: =COUNTIFS('Слоты (для БД)'!$C$2:$C$181,$A8,'Слоты (для БД)'!$E$2:$E$181,3,'Слоты (для БД)'!$G$2:$G$181,"08–14") -> 1 | H8: =COUNTIFS('Слоты (для БД)'!$C$2:$C$181,$A8,'Слоты (для БД)'!$E$2:$E$181,3,'Слоты (для БД)'!$G$2:$G$181,"14–20") -> 1 | I8: =COUNTIFS('Слоты (для БД)'!$C$2:$C$181,$A8,'Слоты (для БД)'!$E$2:$E$181,4,'Слоты (для БД)'!$G$2:$G$181,"08–14") -> 1 | J8: =COUNTIFS('Слоты (для БД)'!$C$2:$C$181,$A8,'Слоты (для БД)'!$E$2:$E$181,4,'Слоты (для БД)'!$G$2:$G$181,"14–20") -> 1 | K8: =COUNTIFS('Слоты (для БД)'!$C$2:$C$181,$A8,'Слоты (для БД)'!$E$2:$E$181,5,'Слоты (для БД)'!$G$2:$G$181,"08–14") -> 1 | L8: =COUNTIFS('Слоты (для БД)'!$C$2:$C$181,$A8,'Слоты (для БД)'!$E$2:$E$181,5,'Слоты (для БД)'!$G$2:$G$181,"14–20") -> 1 | M8: =COUNTIFS('Слоты (для БД)'!$C$2:$C$181,$A8,'Слоты (для БД)'!$E$2:$E$181,6,'Слоты (для БД)'!$G$2:$G$181,"08–14") -> 1 | N8: =COUNTIFS('Слоты (для БД)'!$C$2:$C$181,$A8,'Слоты (для БД)'!$E$2:$E$181,6,'Слоты (для БД)'!$G$2:$G$181,"14–20") -> 0 | O8: =COUNTIFS('Слоты (для БД)'!$C$2:$C$181,$A8,'Слоты (для БД)'!$E$2:$E$181,7,'Слоты (для БД)'!$G$2:$G$181,"08–14") -> 1 | P8: =COUNTIFS('Слоты (для БД)'!$C$2:$C$181,$A8,'Слоты (для БД)'!$E$2:$E$181,7,'Слоты (для БД)'!$G$2:$G$181,"14–20") -> 0
A9: Маммолог | B9: 1 | C9: =COUNTIFS('Слоты (для БД)'!$C$2:$C$181,$A9,'Слоты (для БД)'!$E$2:$E$181,1,'Слоты (для БД)'!$G$2:$G$181,"08–14") -> 0 | D9: =COUNTIFS('Слоты (для БД)'!$C$2:$C$181,$A9,'Слоты (для БД)'!$E$2:$E$181,1,'Слоты (для БД)'!$G$2:$G$181,"14–20") -> 1 | E9: =COUNTIFS('Слоты (для БД)'!$C$2:$C$181,$A9,'Слоты (для БД)'!$E$2:$E$181,2,'Слоты (для БД)'!$G$2:$G$181,"08–14") -> 1 | F9: =COUNTIFS('Слоты (для БД)'!$C$2:$C$181,$A9,'Слоты (для БД)'!$E$2:$E$181,2,'Слоты (для БД)'!$G$2:$G$181,"14–20") -> 0 | G9: =COUNTIFS('Слоты (для БД)'!$C$2:$C$181,$A9,'Слоты (для БД)'!$E$2:$E$181,3,'Слоты (для БД)'!$G$2:$G$181,"08–14") -> 0 | H9: =COUNTIFS('Слоты (для БД)'!$C$2:$C$181,$A9,'Слоты (для БД)'!$E$2:$E$181,3,'Слоты (для БД)'!$G$2:$G$181,"14–20") -> 1 | I9: =COUNTIFS('Слоты (для БД)'!$C$2:$C$181,$A9,'Слоты (для БД)'!$E$2:$E$181,4,'Слоты (для БД)'!$G$2:$G$181,"08–14") -> 1 | J9: =COUNTIFS('Слоты (для БД)'!$C$2:$C$181,$A9,'Слоты (для БД)'!$E$2:$E$181,4,'Слоты (для БД)'!$G$2:$G$181,"14–20") -> 0 | K9: =COUNTIFS('Слоты (для БД)'!$C$2:$C$181,$A9,'Слоты (для БД)'!$E$2:$E$181,5,'Слоты (для БД)'!$G$2:$G$181,"08–14") -> 0 | L9: =COUNTIFS('Слоты (для БД)'!$C$2:$C$181,$A9,'Слоты (для БД)'!$E$2:$E$181,5,'Слоты (для БД)'!$G$2:$G$181,"14–20") -> 1 | M9: =COUNTIFS('Слоты (для БД)'!$C$2:$C$181,$A9,'Слоты (для БД)'!$E$2:$E$181,6,'Слоты (для БД)'!$G$2:$G$181,"08–14") -> 0 | N9: =COUNTIFS('Слоты (для БД)'!$C$2:$C$181,$A9,'Слоты (для БД)'!$E$2:$E$181,6,'Слоты (для БД)'!$G$2:$G$181,"14–20") -> 1 | O9: =COUNTIFS('Слоты (для БД)'!$C$2:$C$181,$A9,'Слоты (для БД)'!$E$2:$E$181,7,'Слоты (для БД)'!$G$2:$G$181,"08–14") -> 0 | P9: =COUNTIFS('Слоты (для БД)'!$C$2:$C$181,$A9,'Слоты (для БД)'!$E$2:$E$181,7,'Слоты (для БД)'!$G$2:$G$181,"14–20") -> 0
A10: Невролог | B10: 1 | C10: =COUNTIFS('Слоты (для БД)'!$C$2:$C$181,$A10,'Слоты (для БД)'!$E$2:$E$181,1,'Слоты (для БД)'!$G$2:$G$181,"08–14") -> 1 | D10: =COUNTIFS('Слоты (для БД)'!$C$2:$C$181,$A10,'Слоты (для БД)'!$E$2:$E$181,1,'Слоты (для БД)'!$G$2:$G$181,"14–20") -> 0 | E10: =COUNTIFS('Слоты (для БД)'!$C$2:$C$181,$A10,'Слоты (для БД)'!$E$2:$E$181,2,'Слоты (для БД)'!$G$2:$G$181,"08–14") -> 0 | F10: =COUNTIFS('Слоты (для БД)'!$C$2:$C$181,$A10,'Слоты (для БД)'!$E$2:$E$181,2,'Слоты (для БД)'!$G$2:$G$181,"14–20") -> 1 | G10: =COUNTIFS('Слоты (для БД)'!$C$2:$C$181,$A10,'Слоты (для БД)'!$E$2:$E$181,3,'Слоты (для БД)'!$G$2:$G$181,"08–14") -> 1 | H10: =COUNTIFS('Слоты (для БД)'!$C$2:$C$181,$A10,'Слоты (для БД)'!$E$2:$E$181,3,'Слоты (для БД)'!$G$2:$G$181,"14–20") -> 0 | I10: =COUNTIFS('Слоты (для БД)'!$C$2:$C$181,$A10,'Слоты (для БД)'!$E$2:$E$181,4,'Слоты (для БД)'!$G$2:$G$181,"08–14") -> 0 | J10: =COUNTIFS('Слоты (для БД)'!$C$2:$C$181,$A10,'Слоты (для БД)'!$E$2:$E$181,4,'Слоты (для БД)'!$G$2:$G$181,"14–20") -> 1 | K10: =COUNTIFS('Слоты (для БД)'!$C$2:$C$181,$A10,'Слоты (для БД)'!$E$2:$E$181,5,'Слоты (для БД)'!$G$2:$G$181,"08–14") -> 1 | L10: =COUNTIFS('Слоты (для БД)'!$C$2:$C$181,$A10,'Слоты (для БД)'!$E$2:$E$181,5,'Слоты (для БД)'!$G$2:$G$181,"14–20") -> 0 | M10: =COUNTIFS('Слоты (для БД)'!$C$2:$C$181,$A10,'Слоты (для БД)'!$E$2:$E$181,6,'Слоты (для БД)'!$G$2:$G$181,"08–14") -> 1 | N10: =COUNTIFS('Слоты (для БД)'!$C$2:$C$181,$A10,'Слоты (для БД)'!$E$2:$E$181,6,'Слоты (для БД)'!$G$2:$G$181,"14–20") -> 0 | O10: =COUNTIFS('Слоты (для БД)'!$C$2:$C$181,$A10,'Слоты (для БД)'!$E$2:$E$181,7,'Слоты (для БД)'!$G$2:$G$181,"08–14") -> 0 | P10: =COUNTIFS('Слоты (для БД)'!$C$2:$C$181,$A10,'Слоты (для БД)'!$E$2:$E$181,7,'Слоты (для БД)'!$G$2:$G$181,"14–20") -> 0
A11: Нефролог | B11: 1 | C11: =COUNTIFS('Слоты (для БД)'!$C$2:$C$181,$A11,'Слоты (для БД)'!$E$2:$E$181,1,'Слоты (для БД)'!$G$2:$G$181,"08–14") -> 0 | D11: =COUNTIFS('Слоты (для БД)'!$C$2:$C$181,$A11,'Слоты (для БД)'!$E$2:$E$181,1,'Слоты (для БД)'!$G$2:$G$181,"14–20") -> 1 | E11: =COUNTIFS('Слоты (для БД)'!$C$2:$C$181,$A11,'Слоты (для БД)'!$E$2:$E$181,2,'Слоты (для БД)'!$G$2:$G$181,"08–14") -> 1 | F11: =COUNTIFS('Слоты (для БД)'!$C$2:$C$181,$A11,'Слоты (для БД)'!$E$2:$E$181,2,'Слоты (для БД)'!$G$2:$G$181,"14–20") -> 0 | G11: =COUNTIFS('Слоты (для БД)'!$C$2:$C$181,$A11,'Слоты (для БД)'!$E$2:$E$181,3,'Слоты (для БД)'!$G$2:$G$181,"08–14") -> 0 | H11: =COUNTIFS('Слоты (для БД)'!$C$2:$C$181,$A11,'Слоты (для БД)'!$E$2:$E$181,3,'Слоты (для БД)'!$G$2:$G$181,"14–20") -> 1 | I11: =COUNTIFS('Слоты (для БД)'!$C$2:$C$181,$A11,'Слоты (для БД)'!$E$2:$E$181,4,'Слоты (для БД)'!$G$2:$G$181,"08–14") -> 1 | J11: =COUNTIFS('Слоты (для БД)'!$C$2:$C$181,$A11,'Слоты (для БД)'!$E$2:$E$181,4,'Слоты (для БД)'!$G$2:$G$181,"14–20") -> 0 | K11: =COUNTIFS('Слоты (для БД)'!$C$2:$C$181,$A11,'Слоты (для БД)'!$E$2:$E$181,5,'Слоты (для БД)'!$G$2:$G$181,"08–14") -> 0 | L11: =COUNTIFS('Слоты (для БД)'!$C$2:$C$181,$A11,'Слоты (для БД)'!$E$2:$E$181,5,'Слоты (для БД)'!$G$2:$G$181,"14–20") -> 1 | M11: =COUNTIFS('Слоты (для БД)'!$C$2:$C$181,$A11,'Слоты (для БД)'!$E$2:$E$181,6,'Слоты (для БД)'!$G$2:$G$181,"08–14") -> 0 | N11: =COUNTIFS('Слоты (для БД)'!$C$2:$C$181,$A11,'Слоты (для БД)'!$E$2:$E$181,6,'Слоты (для БД)'!$G$2:$G$181,"14–20") -> 1 | O11: =COUNTIFS('Слоты (для БД)'!$C$2:$C$181,$A11,'Слоты (для БД)'!$E$2:$E$181,7,'Слоты (для БД)'!$G$2:$G$181,"08–14") -> 0 | P11: =COUNTIFS('Слоты (для БД)'!$C$2:$C$181,$A11,'Слоты (для БД)'!$E$2:$E$181,7,'Слоты (для БД)'!$G$2:$G$181,"14–20") -> 0
A12: Ортопед | B12: 2 | C12: =COUNTIFS('Слоты (для БД)'!$C$2:$C$181,$A12,'Слоты (для БД)'!$E$2:$E$181,1,'Слоты (для БД)'!$G$2:$G$181,"08–14") -> 1 | D12: =COUNTIFS('Слоты (для БД)'!$C$2:$C$181,$A12,'Слоты (для БД)'!$E$2:$E$181,1,'Слоты (для БД)'!$G$2:$G$181,"14–20") -> 1 | E12: =COUNTIFS('Слоты (для БД)'!$C$2:$C$181,$A12,'Слоты (для БД)'!$E$2:$E$181,2,'Слоты (для БД)'!$G$2:$G$181,"08–14") -> 1 | F12: =COUNTIFS('Слоты (для БД)'!$C$2:$C$181,$A12,'Слоты (для БД)'!$E$2:$E$181,2,'Слоты (для БД)'!$G$2:$G$181,"14–20") -> 1 | G12: =COUNTIFS('Слоты (для БД)'!$C$2:$C$181,$A12,'Слоты (для БД)'!$E$2:$E$181,3,'Слоты (для БД)'!$G$2:$G$181,"08–14") -> 1 | H12: =COUNTIFS('Слоты (для БД)'!$C$2:$C$181,$A12,'Слоты (для БД)'!$E$2:$E$181,3,'Слоты (для БД)'!$G$2:$G$181,"14–20") -> 1 | I12: =COUNTIFS('Слоты (для БД)'!$C$2:$C$181,$A12,'Слоты (для БД)'!$E$2:$E$181,4,'Слоты (для БД)'!$G$2:$G$181,"08–14") -> 1 | J12: =COUNTIFS('Слоты (для БД)'!$C$2:$C$181,$A12,'Слоты (для БД)'!$E$2:$E$181,4,'Слоты (для БД)'!$G$2:$G$181,"14–20") -> 1 | K12: =COUNTIFS('Слоты (для БД)'!$C$2:$C$181,$A12,'Слоты (для БД)'!$E$2:$E$181,5,'Слоты (для БД)'!$G$2:$G$181,"08–14") -> 1 | L12: =COUNTIFS('Слоты (для БД)'!$C$2:$C$181,$A12,'Слоты (для БД)'!$E$2:$E$181,5,'Слоты (для БД)'!$G$2:$G$181,"14–20") -> 1 | M12: =COUNTIFS('Слоты (для БД)'!$C$2:$C$181,$A12,'Слоты (для БД)'!$E$2:$E$181,6,'Слоты (для БД)'!$G$2:$G$181,"08–14") -> 1 | N12: =COUNTIFS('Слоты (для БД)'!$C$2:$C$181,$A12,'Слоты (для БД)'!$E$2:$E$181,6,'Слоты (для БД)'!$G$2:$G$181,"14–20") -> 1 | O12: =COUNTIFS('Слоты (для БД)'!$C$2:$C$181,$A12,'Слоты (для БД)'!$E$2:$E$181,7,'Слоты (для БД)'!$G$2:$G$181,"08–14") -> 0 | P12: =COUNTIFS('Слоты (для БД)'!$C$2:$C$181,$A12,'Слоты (для БД)'!$E$2:$E$181,7,'Слоты (для БД)'!$G$2:$G$181,"14–20") -> 0
A13: Офтальмолог | B13: 1 | C13: =COUNTIFS('Слоты (для БД)'!$C$2:$C$181,$A13,'Слоты (для БД)'!$E$2:$E$181,1,'Слоты (для БД)'!$G$2:$G$181,"08–14") -> 1 | D13: =COUNTIFS('Слоты (для БД)'!$C$2:$C$181,$A13,'Слоты (для БД)'!$E$2:$E$181,1,'Слоты (для БД)'!$G$2:$G$181,"14–20") -> 0 | E13: =COUNTIFS('Слоты (для БД)'!$C$2:$C$181,$A13,'Слоты (для БД)'!$E$2:$E$181,2,'Слоты (для БД)'!$G$2:$G$181,"08–14") -> 0 | F13: =COUNTIFS('Слоты (для БД)'!$C$2:$C$181,$A13,'Слоты (для БД)'!$E$2:$E$181,2,'Слоты (для БД)'!$G$2:$G$181,"14–20") -> 1 | G13: =COUNTIFS('Слоты (для БД)'!$C$2:$C$181,$A13,'Слоты (для БД)'!$E$2:$E$181,3,'Слоты (для БД)'!$G$2:$G$181,"08–14") -> 1 | H13: =COUNTIFS('Слоты (для БД)'!$C$2:$C$181,$A13,'Слоты (для БД)'!$E$2:$E$181,3,'Слоты (для БД)'!$G$2:$G$181,"14–20") -> 0 | I13: =COUNTIFS('Слоты (для БД)'!$C$2:$C$181,$A13,'Слоты (для БД)'!$E$2:$E$181,4,'Слоты (для БД)'!$G$2:$G$181,"08–14") -> 0 | J13: =COUNTIFS('Слоты (для БД)'!$C$2:$C$181,$A13,'Слоты (для БД)'!$E$2:$E$181,4,'Слоты (для БД)'!$G$2:$G$181,"14–20") -> 1 | K13: =COUNTIFS('Слоты (для БД)'!$C$2:$C$181,$A13,'Слоты (для БД)'!$E$2:$E$181,5,'Слоты (для БД)'!$G$2:$G$181,"08–14") -> 1 | L13: =COUNTIFS('Слоты (для БД)'!$C$2:$C$181,$A13,'Слоты (для БД)'!$E$2:$E$181,5,'Слоты (для БД)'!$G$2:$G$181,"14–20") -> 0 | M13: =COUNTIFS('Слоты (для БД)'!$C$2:$C$181,$A13,'Слоты (для БД)'!$E$2:$E$181,6,'Слоты (для БД)'!$G$2:$G$181,"08–14") -> 1 | N13: =COUNTIFS('Слоты (для БД)'!$C$2:$C$181,$A13,'Слоты (для БД)'!$E$2:$E$181,6,'Слоты (для БД)'!$G$2:$G$181,"14–20") -> 0 | O13: =COUNTIFS('Слоты (для БД)'!$C$2:$C$181,$A13,'Слоты (для БД)'!$E$2:$E$181,7,'Слоты (для БД)'!$G$2:$G$181,"08–14") -> 0 | P13: =COUNTIFS('Слоты (для БД)'!$C$2:$C$181,$A13,'Слоты (для БД)'!$E$2:$E$181,7,'Слоты (для БД)'!$G$2:$G$181,"14–20") -> 0
A14: Педиатр | B14: 5 | C14: =COUNTIFS('Слоты (для БД)'!$C$2:$C$181,$A14,'Слоты (для БД)'!$E$2:$E$181,1,'Слоты (для БД)'!$G$2:$G$181,"08–14") -> 2 | D14: =COUNTIFS('Слоты (для БД)'!$C$2:$C$181,$A14,'Слоты (для БД)'!$E$2:$E$181,1,'Слоты (для БД)'!$G$2:$G$181,"14–20") -> 3 | E14: =COUNTIFS('Слоты (для БД)'!$C$2:$C$181,$A14,'Слоты (для БД)'!$E$2:$E$181,2,'Слоты (для БД)'!$G$2:$G$181,"08–14") -> 3 | F14: =COUNTIFS('Слоты (для БД)'!$C$2:$C$181,$A14,'Слоты (для БД)'!$E$2:$E$181,2,'Слоты (для БД)'!$G$2:$G$181,"14–20") -> 2 | G14: =COUNTIFS('Слоты (для БД)'!$C$2:$C$181,$A14,'Слоты (для БД)'!$E$2:$E$181,3,'Слоты (для БД)'!$G$2:$G$181,"08–14") -> 2 | H14: =COUNTIFS('Слоты (для БД)'!$C$2:$C$181,$A14,'Слоты (для БД)'!$E$2:$E$181,3,'Слоты (для БД)'!$G$2:$G$181,"14–20") -> 3 | I14: =COUNTIFS('Слоты (для БД)'!$C$2:$C$181,$A14,'Слоты (для БД)'!$E$2:$E$181,4,'Слоты (для БД)'!$G$2:$G$181,"08–14") -> 3 | J14: =COUNTIFS('Слоты (для БД)'!$C$2:$C$181,$A14,'Слоты (для БД)'!$E$2:$E$181,4,'Слоты (для БД)'!$G$2:$G$181,"14–20") -> 2 | K14: =COUNTIFS('Слоты (для БД)'!$C$2:$C$181,$A14,'Слоты (для БД)'!$E$2:$E$181,5,'Слоты (для БД)'!$G$2:$G$181,"08–14") -> 2 | L14: =COUNTIFS('Слоты (для БД)'!$C$2:$C$181,$A14,'Слоты (для БД)'!$E$2:$E$181,5,'Слоты (для БД)'!$G$2:$G$181,"14–20") -> 3 | M14: =COUNTIFS('Слоты (для БД)'!$C$2:$C$181,$A14,'Слоты (для БД)'!$E$2:$E$181,6,'Слоты (для БД)'!$G$2:$G$181,"08–14") -> 2 | N14: =COUNTIFS('Слоты (для БД)'!$C$2:$C$181,$A14,'Слоты (для БД)'!$E$2:$E$181,6,'Слоты (для БД)'!$G$2:$G$181,"14–20") -> 1 | O14: =COUNTIFS('Слоты (для БД)'!$C$2:$C$181,$A14,'Слоты (для БД)'!$E$2:$E$181,7,'Слоты (для БД)'!$G$2:$G$181,"08–14") -> 1 | P14: =COUNTIFS('Слоты (для БД)'!$C$2:$C$181,$A14,'Слоты (для БД)'!$E$2:$E$181,7,'Слоты (для БД)'!$G$2:$G$181,"14–20") -> 1
... A19: Эндокринолог | B19: 1 | C19: =COUNTIFS('Слоты (для БД)'!$C$2:$C$181,$A19,'Слоты (для БД)'!$E$2:$E$181,1,'Слоты (для БД)'!$G$2:$G$181,"08–14") -> 0 | D19: =COUNTIFS('Слоты (для БД)'!$C$2:$C$181,$A19,'Слоты (для БД)'!$E$2:$E$181,1,'Слоты (для БД)'!$G$2:$G$181,"14–20") -> 1 | E19: =COUNTIFS('Слоты (для БД)'!$C$2:$C$181,$A19,'Слоты (для БД)'!$E$2:$E$181,2,'Слоты (для БД)'!$G$2:$G$181,"08–14") -> 1 | F19: =COUNTIFS('Слоты (для БД)'!$C$2:$C$181,$A19,'Слоты (для БД)'!$E$2:$E$181,2,'Слоты (для БД)'!$G$2:$G$181,"14–20") -> 0 | G19: =COUNTIFS('Слоты (для БД)'!$C$2:$C$181,$A19,'Слоты (для БД)'!$E$2:$E$181,3,'Слоты (для БД)'!$G$2:$G$181,"08–14") -> 0 | H19: =COUNTIFS('Слоты (для БД)'!$C$2:$C$181,$A19,'Слоты (для БД)'!$E$2:$E$181,3,'Слоты (для БД)'!$G$2:$G$181,"14–20") -> 1 | I19: =COUNTIFS('Слоты (для БД)'!$C$2:$C$181,$A19,'Слоты (для БД)'!$E$2:$E$181,4,'Слоты (для БД)'!$G$2:$G$181,"08–14") -> 1 | J19: =COUNTIFS('Слоты (для БД)'!$C$2:$C$181,$A19,'Слоты (для БД)'!$E$2:$E$181,4,'Слоты (для БД)'!$G$2:$G$181,"14–20") -> 0 | K19: =COUNTIFS('Слоты (для БД)'!$C$2:$C$181,$A19,'Слоты (для БД)'!$E$2:$E$181,5,'Слоты (для БД)'!$G$2:$G$181,"08–14") -> 0 | L19: =COUNTIFS('Слоты (для БД)'!$C$2:$C$181,$A19,'Слоты (для БД)'!$E$2:$E$181,5,'Слоты (для БД)'!$G$2:$G$181,"14–20") -> 1 | M19: =COUNTIFS('Слоты (для БД)'!$C$2:$C$181,$A19,'Слоты (для БД)'!$E$2:$E$181,6,'Слоты (для БД)'!$G$2:$G$181,"08–14") -> 0 | N19: =COUNTIFS('Слоты (для БД)'!$C$2:$C$181,$A19,'Слоты (для БД)'!$E$2:$E$181,6,'Слоты (для БД)'!$G$2:$G$181,"14–20") -> 0 | O19: =COUNTIFS('Слоты (для БД)'!$C$2:$C$181,$A19,'Слоты (для БД)'!$E$2:$E$181,7,'Слоты (для БД)'!$G$2:$G$181,"08–14") -> 1 | P19: =COUNTIFS('Слоты (для БД)'!$C$2:$C$181,$A19,'Слоты (для БД)'!$E$2:$E$181,7,'Слоты (для БД)'!$G$2:$G$181,"14–20") -> 0
A20: Всего врачей в смене | B20: =SUM(B3:B19) -> 30 | C20: =SUM(C3:C19) -> 15 | D20: =SUM(D3:D19) -> 15 | E20: =SUM(E3:E19) -> 15 | F20: =SUM(F3:F19) -> 15 | G20: =SUM(G3:G19) -> 15 | H20: =SUM(H3:H19) -> 15 | I20: =SUM(I3:I19) -> 15 | ... P20: =SUM(P3:P19) -> 2

Sheet Кабинеты
A1: Каб. | B1: Назначение | C1: Оснащение / примечание | D1: Врачи | E1: Занято смен | F1: Всего смен | G1: Загрузка
A2: 101 | B2: Терапевтический | C2: Кушетка, тонометр | D2: Верещагин А.М. (терапевт); Ковалёва Л.П. (терапевт) | E2: =COUNTIF('Слоты (для БД)'!$D$2:$D$181,A2) -> 12 | F2: 14 | G2: =E2/F2 -> 0.85714286
A3: 102 | B3: Терапевтический | C3: Кушетка, тонометр | D3: Дорохов С.А. (терапевт); Нечаева В.С. (терапевт) | E3: =COUNTIF('Слоты (для БД)'!$D$2:$D$181,A3) -> 12 | F3: 14 | G3: =E3/F3 -> 0.85714286
A4: 103 | B4: Терапевтический | C4: Кушетка, тонометр | D4: Рябинин И.К. (терапевт); Малахова О.Г. (терапевт) | E4: =COUNTIF('Слоты (для БД)'!$D$2:$D$181,A4) -> 12 | F4: 14 | G4: =E4/F4 -> 0.85714286
A5: 104 | B5: Хирургический | C5: Рядом с перевязочной | D5: Бортников Н.Т. (хирург); Панкратов Е.В. (хирург) | E5: =COUNTIF('Слоты (для БД)'!$D$2:$D$181,A5) -> 12 | F5: 14 | G5: =E5/F5 -> 0.85714286
A6: 105 | B6: Хирургический / флебологический | C6: УЗ-сканер для вен | D6: Ждановский А.С. (хирург); Соловьёв Д.В. (флеболог) | E6: =COUNTIF('Слоты (для БД)'!$D$2:$D$181,A6) -> 12 | F6: 14 | G6: =E6/F6 -> 0.85714286
A7: 106 | B7: Травматолого-ортопедический | C7: Рядом с гипсовой | D7: Ушаков П.Е. (травматолог); Гордеев Р.А. (ортопед) | E7: =COUNTIF('Слоты (для БД)'!$D$2:$D$181,A7) -> 12 | F7: 14 | G7: =E7/F7 -> 0.85714286
A8: 107 | B8: Ортопедический | C8: Плантограф | D8: Белов С.Ю. (ортопед) | E8: =COUNTIF('Слоты (для БД)'!$D$2:$D$181,A8) -> 6 | F8: 14 | G8: =E8/F8 -> 0.42857143
A9: 108 | B9: Оториноларингологический | C9: ЛОР-комбайн | D9: Зимина Н.Б. (лор (отоларинголог)); Кузнецов Д.О. (лор (отоларинголог)) | E9: =COUNTIF('Слоты (для БД)'!$D$2:$D$181,A9) -> 12 | F9: 14 | G9: =E9/F9 -> 0.85714286
A10: 109 | B10: Гинекологический / маммологический | C10: Гинекологическое кресло, кушетка | D10: Кравцова С.И. (акушер-гинеколог); Тихомирова Е.А. (маммолог) | E10: =COUNTIF('Слоты (для БД)'!$D$2:$D$181,A10) -> 12 | F10: 14 | G10: =E10/F10 -> 0.85714286
A11: 110 | B11: Офтальмологический | C11: Затемнение, щелевая лампа, авторефрактометр | D11: Мещерякова И.Л. (офтальмолог) | E11: =COUNTIF('Слоты (для БД)'!$D$2:$D$181,A11) -> 6 | F11: 14 | G11: =E11/F11 -> 0.42857143
A12: 111 | B12: Дерматологический / аллергологический | C12: Дерматоскоп, набор для кожных проб | D12: Шаповалова О.Д. (дерматовенеролог); Бельская М.В. (аллерголог-иммунолог) | E12: =COUNTIF('Слоты (для БД)'!$D$2:$D$181,A12) -> 12 | F12: 14 | G12: =E12/F12 -> 0.85714286
A13: 112 | B13: Консультативный | C13: Кардиология / нефрология | D13: Ермаков В.П. (кардиолог); Пантелеева А.В. (нефролог) | E13: =COUNTIF('Слоты (для БД)'!$D$2:$D$181,A13) -> 12 | F13: 14 | G13: =E13/F13 -> 0.85714286
... A15: 114 | B15: Консультативный | C15: Гастроэнтерология; свободные смены — резерв | D15: Луговой А.С. (гастроэнтеролог) | E15: =COUNTIF('Слоты (для БД)'!$D$2:$D$181,A15) -> 6 | F15: 14 | G15: =E15/F15 -> 0.42857143
A16: 115 | B16: Процедурный | C16: Забор крови, инъекции; медсестра, 08–20 ежедневно | D16: сестринский пост | E16: 08–20 ежедн.
A17: 116 | B17: Функциональной диагностики | C17: ЭКГ, СМАД, холтер; медсестра, 08–20 ежедневно | D17: сестринский пост | E17: 08–20 ежедн.
A18: 201 | B18: Педиатрический | C18: Детское отделение, отдельный вход | D18: Соколова А.В. (педиатр); Гущина Т.Н. (педиатр) | E18: =COUNTIF('Слоты (для БД)'!$D$2:$D$181,A18) -> 12 | F18: 14 | G18: =E18/F18 -> 0.85714286
A19: 202 | B19: Педиатрический | C19: Детское отделение, отдельный вход | D19: Карпов М.Р. (педиатр); Литвинова Ю.Э. (педиатр) | E19: =COUNTIF('Слоты (для БД)'!$D$2:$D$181,A19) -> 12 | F19: 14 | G19: =E19/F19 -> 0.85714286
A20: 203 | B20: Педиатрический | C20: Детское отделение, отдельный вход | D20: Астахова П.С. (педиатр) | E20: =COUNTIF('Слоты (для БД)'!$D$2:$D$181,A20) -> 6 | F20: 14 | G20: =E20/F20 -> 0.42857143
A21: 204 | B21: Прививочный | C21: Детское отделение; медсестра, 08–20 ежедневно | D21: сестринский пост | E21: 08–20 ежедн.
B22: Итого по врачебным кабинетам | E22: =SUM(E2:E21) -> 180 | F22: =SUM(F2:F21) -> 238 | G22: =E22/F22 -> 0.75630252

Sheet Слоты (для БД)
A1: doctor_id | B1: ФИО | C1: Специальность | D1: Кабинет | E1: day_of_week (1=Пн) | F1: День | G1: Смена | H1: Начало | I1: Конец
A2: 1 | B2: Кравцова Светлана Игоревна | C2: Акушер-гинеколог | D2: 109 | E2: 1 | F2: Пн | G2: 08–14 | H2: 08:00 | I2: 14:00
A3: 1 | B3: Кравцова Светлана Игоревна | C3: Акушер-гинеколог | D3: 109 | E3: 2 | F3: Вт | G3: 14–20 | H3: 14:00 | I3: 20:00
A4: 1 | B4: Кравцова Светлана Игоревна | C4: Акушер-гинеколог | D4: 109 | E4: 3 | F4: Ср | G4: 08–14 | H4: 08:00 | I4: 14:00
A5: 1 | B5: Кравцова Светлана Игоревна | C5: Акушер-гинеколог | D5: 109 | E5: 4 | F5: Чт | G5: 14–20 | H5: 14:00 | I5: 20:00
A6: 1 | B6: Кравцова Светлана Игоревна | C6: Акушер-гинеколог | D6: 109 | E6: 5 | F6: Пт | G6: 08–14 | H6: 08:00 | I6: 14:00
A7: 1 | B7: Кравцова Светлана Игоревна | C7: Акушер-гинеколог | D7: 109 | E7: 6 | F7: Сб | G7: 08–14 | H7: 08:00 | I7: 14:00
A8: 2 | B8: Бельская Марина Валерьевна | C8: Аллерголог-иммунолог | D8: 111 | E8: 1 | F8: Пн | G8: 14–20 | H8: 14:00 | I8: 20:00
A9: 2 | B9: Бельская Марина Валерьевна | C9: Аллерголог-иммунолог | D9: 111 | E9: 2 | F9: Вт | G9: 08–14 | H9: 08:00 | I9: 14:00
A10: 2 | B10: Бельская Марина Валерьевна | C10: Аллерголог-иммунолог | D10: 111 | E10: 3 | F10: Ср | G10: 14–20 | H10: 14:00 | I10: 20:00
A11: 2 | B11: Бельская Марина Валерьевна | C11: Аллерголог-иммунолог | D11: 111 | E11: 4 | F11: Чт | G11: 08–14 | H11: 08:00 | I11: 14:00
A12: 2 | B12: Бельская Марина Валерьевна | C12: Аллерголог-иммунолог | D12: 111 | E12: 5 | F12: Пт | G12: 14–20 | H12: 14:00 | I12: 20:00
A13: 2 | B13: Бельская Марина Валерьевна | C13: Аллерголог-иммунолог | D13: 111 | E13: 7 | F13: Вс | G13: 08–14 | H13: 08:00 | I13: 14:00
... A181: 30 | B181: Черкасова Инна Львовна | C181: Эндокринолог | D181: 113 | E181: 7 | F181: Вс | G181: 08–14 | H181: 08:00 | I181: 14:00
